Coords,kNN card.,k-distance,lrd,LOF
"(0.45660137634625386, 0.43280640922410835)",3,0.5492028731660017,1.8091423574538479,0.9853996329595988
"(0.6113784672224188, 0.5286245988894975)",3,0.5766796973903112,1.717545580898119,0.9950608031925642
"(0.45029897412145387, 0.7116061205092745)",3,0.6899750151245637,1.445566632512522,1.0037643055629752
"(0.6390150501606866, 0.46074398219372076)",3,0.6407723899331743,1.5602651418905478,0.9948254450944404
"(0.6289567839292338, 0.32346951478531516)",3,0.7306822874321911,1.382337047287374,1.0074881580535069
"(0.5662104392361843, 0.289357728041304)",3,0.71889937810366,1.3713181770528269,0.993138932735502
"(0.5676530359179894, 0.29547265797376954)",3,0.7147521081297921,1.368723430240226,0.9956535822317714
"(0.43602399117606827, 0.4157757274892156)",3,0.5746536458489294,1.7369465758259655,0.9995280082938325
"(0.5454137939219365, 0.36750178191490135)",3,0.6436844332665791,1.5692611973946982,1.0054904821050568
"(0.4394528077596546, 0.5478674292772121)",3,0.5690404376271029,1.768716827360636,1.0026816341104356
"(0.512200437106122, 0.500864646508404)",3,0.5208326689676884,1.9380436407407515,0.9968791614341749
"(0.3917587782134365, 0.6103473035285875)",3,0.6471713979856546,1.5655052721209437,1.0091809102825802
"(0.5218570283765972, 0.5769060811333763)",3,0.5384922450193247,1.8511604918522786,0.9984819479335181
"(0.7194189575585879, 0.43648093863144677)",3,0.7184825355714021,1.3823706850364958,1.0110013042163524
"(0.2995329322777752, 0.6230627270405613)",3,0.7219922729982186,1.4177865364139297,0.999080810278431
"(0.4982241475102956, 0.42839983794125985)",3,0.5666426748215457,1.7264316423137347,1.0143121721760116
"(0.2740522921447801, 0.4804320598631085)",3,0.6587606608577108,1.5297337706271803,0.9970755900323172
"(0.38284021717487404, 0.5440688862962566)",3,0.6072264940371607,1.6205578531898015,0.9975834119390568
"(0.4249231989421871, 0.284825727537369)",3,0.6931883508738206,1.468396850914585,1.0124552834512346
"(0.5207238207675212, 0.32542733595644696)",3,0.6633982275552817,1.5031243027843655,0.9996200402461815
"(0.44329557666585284, 0.32697891986066585)",3,0.6473520235851778,1.535761397657099,1.0033872426657675
"(0.39882121731993425, 0.44917757772100975)",3,0.571448126079535,1.7392849131885562,1.0028951665745143
"(0.5043499801956989, 0.31104972990661883)",3,0.6665805860824507,1.5034059308676464,0.9979286599970322
"(0.6418316378383897, 0.44634230241629513)",3,0.6523254233558439,1.5522250167932716,1.0016077144431506
"(0.3875139053807079, 0.5835776682759641)",3,0.6309445682109509,1.6120917505803753,0.9985517009719518
"(0.3939936115953249, 0.4355492315286958)",3,0.5836620526753636,1.7516889133152822,0.9934331106374117
"(0.5310410091841999, 0.6295649641551255)",3,0.5772365180188462,1.7428155716144083,1.0049872779595548
"(0.6888968092469115, 0.5241631381654697)",3,0.6485627072480593,1.5161941516430166,1.0046708249443541
"(0.6493962308649859, 0.37410916300714764)",3,0.7073734449574516,1.3870428476757188,0.9811251154708935
"(0.46558804569679024, 0.3808260349477101)",3,0.5894003192769023,1.7126847388294584,0.998629779011883
"(0.6258946158877843, 0.29786152832143475)",3,0.7483088028179736,1.3708372502927786,1.0074767126318254
"(0.33422593969522363, 0.4716084824524596)",3,0.6114731031855123,1.6204464698465992,1.0030629971342473
"(0.3668006741594324, 0.7098112476478706)",3,0.738414373341278,1.4285503098613235,0.9970453522789761
"(0.7416277782794454, 0.5889910190948651)",3,0.7058231775190456,1.4846926405534098,1.0169885393809677
"(0.38272263131699585, 0.452737367638514)",3,0.5821342103777551,1.7383343532225268,1.0027768466399294
"(0.56506329156323, 0.4368807019054587)",3,0.6036306676065666,1.6385917911835692,1.0207973419372351
"(0.3507596663956172, 0.4731503428096154)",3,0.5967323276319741,1.6831200185908068,0.998548165413888
"(0.5681429924399365, 0.42284600051634724)",3,0.6160080849028149,1.6144241222026037,1.0099451808132953
"(0.4982887847983077, 0.3891165629058462)",3,0.5982343492990216,1.6849262391758155,1.000608754063607
"(0.4364283715014795, 0.692301105545165)",3,0.6820531646304295,1.445022750376768,1.0112448115171289
"(0.6037254126431655, 0.46839656019105724)",3,0.6091967070226116,1.6509420556719279,0.9946194282809027
"(0.5888498769597843, 0.47524402811514127)",3,0.5935862745583794,1.6747248864302124,1.0034761856492347
"(0.6989962241574786, 0.39153609364235065)",3,0.7314495837090214,1.3784599264884354,1.0008458895335572
"(0.6752421809738202, 0.5665200576628142)",3,0.6374496256588426,1.5536599681074332,1.0091784414202034
"(0.6455623948444207, 0.4575869722287391)",3,0.6478051410233584,1.5500428368269918,1.004660941265867
"(0.4155274258102421, 0.5261488358815203)",3,0.5709846613314391,1.796199018351776,1.0044980824962673
"(0.29194678962167875, 0.4272334801227161)",3,0.6711068855148157,1.5034615439696268,1.0141940307694437
"(0.4375613322732245, 0.6446881351198951)",3,0.6433249599333537,1.5906179426770917,0.9922991338551266
"(0.33345440081047545, 0.4690126900207642)",3,0.6135174175741253,1.6222377999999837,1.0015873028533973
"(0.5434853498540486, 0.5575180098090339)",3,0.5101788332526307,1.9122019234287386,0.9869634013405628
"(0.4411923952597462, 0.5154128811111293)",3,0.5449252403679422,1.8062182517693166,1.0052823226089929
"(0.5706964819958329, 0.6262959368064891)",3,0.5544884075862072,1.8185608392562844,0.9909492636731352
"(0.7065470571054172, 0.3526615357856453)",3,0.7632607205131076,1.3382682668018304,0.9946317631887354
"(0.4431214691109642, 0.6322492132512522)",3,0.6301184851274525,1.5795576401011335,1.0015814137918562
"(0.323144615700802, 0.5142624100259803)",3,0.6348451237754863,1.5864268562075765,1.0052127414039973
"(0.7009787144079658, 0.6058330298954564)",3,0.6677425760788658,1.5147931409330968,1.0041646794659986
"(0.6794405111786648, 0.33386383983683265)",3,0.7571404714553169,1.3086615573763583,1.003068839542989
"(0.7159374380776726, 0.5369769299381377)",3,0.6760368448188904,1.4952088552530798,1.0068570807465187
"(0.47975236292326595, 0.7007875282162737)",3,0.6648218979073144,1.4831420892194795,1.006414948254318
"(0.41003838698089295, 0.5099887518902678)",3,0.5642755525747437,1.7828106856413861,1.0071072929429008
"(0.49008612485006625, 0.6294229305694207)",3,0.5997086149701735,1.6684761735407705,1.0001674583519624
"(0.46603747603182555, 0.6268512537813131)",3,0.6118086805319114,1.6465735833973907,0.9957384915041146
"(0.32351200563321114, 0.6393495801876143)",3,0.715677990110521,1.412054863263935,1.0025049313859795
"(0.4473375193351228, 0.7348324501821877)",3,0.7109817920736867,1.4337175170220902,1.0136990996258413
"(0.5556571320867622, 0.5715022879444677)",3,0.5190952825684895,1.893617616729966,0.9874826338833615
"(0.5707049148610202, 0.33224836461163654)",3,0.687044918365001,1.4652269540410716,1.0055894904336091
"(0.6227812899148043, 0.3306931377284241)",3,0.7211788476180515,1.410321426540231,0.9862761618335557
"(0.6006889225245693, 0.2928147023531954)",3,0.7365824598106867,1.3506013456070534,1.0088943579948606
"(0.6676542569289109, 0.5752724418322568)",3,0.6307788606336964,1.5829198595319653,1.0011230320485076
"(0.309970327833062, 0.45265291703067895)",3,0.6421157840089857,1.559057346783882,1.011606590746262
"(0.6127630910463642, 0.5027568608385389)",3,0.5937221253644829,1.6583374037232557,1.0042213712212238
"(0.32860350692925033, 0.4413129371744251)",3,0.6328486660075904,1.5993170121355567,0.9978945018099327
"(0.30656537501122727, 0.35196144277089036)",3,0.7042083451138337,1.415379256682712,1.001119028668934
"(0.6051765579581507, 0.4821492917720065)",3,0.6011629669002644,1.660501051380521,1.0023857344789262
"(0.440146903930251, 0.495593601024648)",3,0.5322014377713923,1.8593059351613284,0.982507796619767
"(0.598144530201707, 0.5532603752903262)",3,0.559485506886586,1.7274505663977413,0.9984459501068714
"(0.44347199035029516, 0.4622535936838886)",3,0.5320050360653003,1.8800916897818951,0.9782154996874308
"(0.422174903173814, 0.34103901488291244)",3,0.6454742413094616,1.5779699333289288,1.0006845509065168
"(0.45550648740195465, 0.41171202752594527)",3,0.5677125276147228,1.743293467710251,0.9961825277168556
"(0.4720555872309712, 0.7165683667235623)",3,0.6822758124616993,1.474284293687962,1.0000626958002874
"(0.7347191848708641, 0.5758536326400511)",3,0.6975470131689016,1.4537214090197488,1.0283683724641461
"(0.5155381256468614, 0.7245756845076422)",3,0.667179184888538,1.5397188704057065,0.9919955577062272
"(0.3273149601044746, 0.6263807471208405)",3,0.7039223177848682,1.417001593199113,0.9996464289129555
"(0.4346341375571578, 0.3634158158782626)",3,0.619870850579667,1.6016368158145207,1.0213959821380134
"(0.38319743027975633, 0.2762100009308178)",3,0.7211160028379445,1.4625656280412362,1.0062196655502427
"(0.48022262821967227, 0.39871803725628563)",3,0.5800103509552091,1.7172961118480239,1.0016047988600274
"(0.5379614400606375, 0.6077396909730114)",3,0.5550683800052386,1.8293270806015227,0.9943685712689339
"(0.31976325998106114, 0.6241915643427768)",3,0.7078873313335062,1.41966034753852,0.9971500108553834
"(0.5284666588142557, 0.5480244917619645)",3,0.5112844431195199,1.917041834609338,0.9840955220044346
"(0.47710199684411575, 0.40228069309626585)",3,0.575306767063727,1.7464382451571054,0.9889844767709275
"(0.33331807289623916, 0.46849763185945303)",3,0.6139095385410348,1.6225818487150865,1.0013042491941884
"(0.6753842036454221, 0.31970273813787053)",3,0.764569704702787,1.312916435934153,0.9987378487850616
"(0.40951456007576653, 0.42842739961973997)",3,0.5792776355163601,1.7193802416939798,1.0065461264048914
"(0.5006618827477158, 0.6265923168364407)",3,0.5913498733478816,1.6953415741173024,0.9960408519687816
"(0.49827763183980106, 0.5382010339612469)",3,0.5223983930838647,1.909975407998726,1.000750209676118
"(0.5012632137589963, 0.5748491652989149)",3,0.549094529448482,1.856848711160355,0.9968330057859455
"(0.68924092353326, 0.38632021585199633)",3,0.7276805084051009,1.3760767820107875,1.003156474152623
"(0.7446366283207957, 0.4865794985985416)",3,0.709865200158525,1.4090930669555364,1.0046664691713265
"(0.5477306196567974, 0.668460274663)",3,0.6025015001445551,1.6380495371397361,1.001941910589054
"(0.39153963750374315, 0.5776294199926051)",3,0.6238980594136072,1.6060105281695916,1.0035949363537495
"(0.557290307940882, 0.6178822878859911)",3,0.5537128961135037,1.8070187121734596,1.0056276889652658
"(0.5416042277812119, 0.47991525488202486)",3,0.5563487597918458,1.7994819348276268,1.000513494957649
"(0.5137967253936864, 0.6285313418967632)",3,0.5856405764260407,1.715040362766601,1.0006202081381348
"(0.4791669907632519, 0.6495911839030653)",3,0.6224922639761987,1.628553286037631,1.010980783780684
"(0.6720370220970937, 0.4040964379295322)",3,0.7029925196828734,1.3784599264884354,1.0008458895335572
"(0.3958227884361515, 0.6588452624261568)",3,0.6806760927543684,1.4544185854241216,1.010526988189117
"(0.5787426768538191, 0.6941884431469565)",3,0.6115972746955075,1.6154077257450117,1.0153536773219056
"(0.6058904881765098, 0.5303936494898217)",3,0.5712390566300511,1.746335910045356,0.9863527514089013
"(0.407653340954602, 0.44070720087977705)",3,0.570504941413483,1.7427618879958469,0.9940496724515095
"(0.42722756534718975, 0.6185064737597324)",3,0.6295983331793923,1.5791251651008147,1.0019470068863412
"(0.516001237408541, 0.4585304151965233)",3,0.5546412148563017,1.7884066223364559,1.0131212770480749
"(0.5913356730889696, 0.26544906819330893)",3,0.7529528331070076,1.3577692878595589,0.99860026887098
"(0.4862318964328004, 0.4635469791701871)",3,0.5316411349958375,1.841955329782138,0.9881600560171909
"(0.4114364122202755, 0.4044955392669422)",3,0.5977114465182496,1.675084017543726,1.0113434974673623
"(0.4101348255428155, 0.49464707734714325)",3,0.5542339509958565,1.7933594131778061,0.9980606587730817
"(0.4679994292151898, 0.4128731663431996)",3,0.5614243414388126,1.7448286930135328,0.9951708289305221
"(0.5819559278781021, 0.687203291527696)",3,0.6039085040826584,1.658125313314485,0.994790010814954
"(0.6793080502468297, 0.38356312225629596)",3,0.7222507168993142,1.3875253806751613,0.9928939421097454
"(0.38937054474971433, 0.5734057037038085)",3,0.6224869902120681,1.6047982678409247,1.0046048484006984
"(0.49606383258716635, 0.3290899150196019)",3,0.6468938150033137,1.5136720405536608,0.9944668128035862
"(0.6781048209663016, 0.33292748108390435)",3,0.7568820287369143,1.3085140380987665,1.0032195028735873
"(0.3496903121642816, 0.4329933992146022)",3,0.6204425474874422,1.6221084548822946,1.0039416758065425
"(0.28538727428959565, 0.44406197703937333)",3,0.6674763390829694,1.5007310204335582,1.0166458060263555
"(0.4802810307277785, 0.7465574165966149)",3,0.7036610638035541,1.4469362373571546,1.0141942564988085
"(0.2758683060347048, 0.42493086482223386)",3,0.6858031113475141,1.5146168029387808,1.0042693972347954
"(0.7165964637807317, 0.4961768132521903)",3,0.6812033353519663,1.4737875623383747,1.0029029147173834
"(0.6275690079206528, 0.5523467224319585)",3,0.5887445452692437,1.710416575145463,0.9945505583484743
"(0.30863520005670103, 0.6065060017631401)",3,0.7041647397963579,1.412788024069204,1.0039801555202363
"(0.5184350739403722, 0.6255933181594546)",3,0.5806435772857759,1.7101549885387453,1.0044308933078048
"(0.3252727704249059, 0.518663878690165)",3,0.635749058460759,1.5871855447916667,1.004572904663098
"(0.5364211032665399, 0.3192852795617066)",3,0.6773058820549055,1.494894001519428,1.0019263431686387
"(0.6360506427122014, 0.452177164199903)",3,0.6441319457903851,1.5538536753978291,1.002221156980678
"(0.6550836751096591, 0.6737695414449972)",3,0.6366927383898491,1.5621033831755684,0.9936933915336755
"(0.381049286997603, 0.3442848645161163)",3,0.6646044805015292,1.5163943565834046,1.0061524808369875
"(0.6977418201849414, 0.5002854794895334)",3,0.6633063115493063,1.5026457386073977,0.9971734948417804
"(0.29387974001507766, 0.5660318782525734)",3,0.689487875134553,1.460223489978022,0.9955881343860676
"(0.3950573073741327, 0.30776141086320624)",3,0.687944054743225,1.4524052927847733,1.0189959356268712
"(0.5875283142332661, 0.5029850439760691)",3,0.5741887948418235,1.7035609616313663,0.9923663161304731
"(0.47577243578762335, 0.6571162960275716)",3,0.6306084892176659,1.6242584757026362,1.000168581477161
"(0.5765913115106007, 0.6073630568836432)",3,0.5453069001689805,1.7956096271818285,1.0020217989924087
"(0.43120782286536896, 0.4536048393809892)",3,0.5461642218054292,1.7929825098753487,0.9967310603302492
"(0.4271374008377422, 0.7324222423451453)",3,0.7202115747921111,1.4402235421687835,1.000841599306997
"(0.509538178207134, 0.6931777163283148)",3,0.642813994522385,1.550356076451602,0.9864102106357056
"(0.5181698331845648, 0.5111409992566154)",3,0.5176795120628646,1.9341038996653617,0.9995887846377364
"(0.44864558562432355, 0.6811903182476917)",3,0.6659052911404192,1.4980251018468478,1.00462220849432
"(0.682341733951336, 0.43078415493021127)",3,0.6931994146220909,1.4048977750489577,0.990918012013285
"(0.5309666065607501, 0.2985289265625874)",3,0.6914765705275965,1.4808371425710276,1.0089107550906373
"(0.600897799997153, 0.6635429624194095)",3,0.5817342398145187,1.6828933597645737,0.987484478469702
"(0.46780169318472314, 0.3947836158292342)",3,0.5763472035986003,1.719476137436754,1.0034876288059735
"(0.5915644139504792, 0.3850652622739119)",3,0.6597299463013339,1.4712069056284325,0.9939329077407423
"(0.387755003704134, 0.6797111393353542)",3,0.7018589219892458,1.404108846131146,1.0202033876986585
"(0.36782453531478027, 0.4372164861268705)",3,0.6033537183605414,1.6795066719506135,1.0146097872662352
"(0.43639037701069394, 0.4112832888808655)",3,0.5782222723144741,1.7405428352579708,0.9967740886118321
"(0.626036706904056, 0.4330240031551585)",3,0.6495584802953986,1.550115917909542,1.0019585230647263
"(0.4776430480397612, 0.717473875201391)",3,0.6800887686811239,1.494421453632817,0.9963030022209985
"(0.5054771793503865, 0.5395424282031024)",3,0.5188198309912725,1.9056337609358702,1.0037896813809364
"(0.5221943178984508, 0.7031808147941978)",3,0.6452255215282713,1.5225634026190393,1.0069286876224317
"(0.4717768997272872, 0.6064647504959523)",3,0.5921382406860345,1.6706362746060228,0.9971094435052864
"(0.5050531711150169, 0.6694099945514911)",3,0.6247957936135374,1.576567427208883,1.0002001606115989
"(0.650228341055716, 0.5706997864367978)",3,0.6129672139152569,1.6408236937683878,0.9908024640737608
"(0.3096170370177286, 0.526590983167117)",3,0.6530470111618575,1.530548166959969,1.0091887318561514
"(0.6249509070898287, 0.44761019842893723)",3,0.6388817660364775,1.5533768748722019,1.0007003870229256
"(0.5053620701269804, 0.6750690635122293)",3,0.629445702057196,1.5560344295737814,0.993162870767688
"(0.6235230129146608, 0.6421753304125937)",3,0.5983805731591013,1.6457755305499144,0.9852918063287797
"(0.5106216733301224, 0.41911915802469024)",3,0.5815836829223249,1.7414046043050049,1.002724833494459
"(0.29111887670561115, 0.3624646302450098)",3,0.7096995106046117,1.4190555953719048,0.9976618710612165
"(0.34135204212954423, 0.4836897378719605)",3,0.6022460469812543,1.666355755744393,0.9966563474115597
"(0.6162899699681502, 0.46263925715201104)",3,0.6223950911926981,1.5909511928011992,0.99809134695084
"(0.7068606124650494, 0.46130772099304174)",3,0.6934510624352845,1.4050637345550012,1.0000005873875986
"(0.518605160378907, 0.37252647303440034)",3,0.6235682550987464,1.6169882400822968,1.0080801995985595
"(0.6819633448943572, 0.573433213976195)",3,0.644814925909615,1.559608925917496,1.0040575769683522
"(0.5663578499358706, 0.49135390567741366)",3,0.5661320169364029,1.752831092289639,0.9951975094400239
"(0.7086202064025585, 0.41844781677046694)",3,0.7212949368724862,1.3914706031076227,0.9975372742077873
"(0.5249692372285568, 0.485610262030015)",3,0.5406814777711416,1.8320449256797604,1.0105042292600803
"(0.6615332034083491, 0.5495324580384817)",3,0.6224167929531457,1.5875434123324146,1.0008035304335314
"(0.46567523869648914, 0.5669969664558905)",3,0.5654669181512569,1.7818112130802315,0.9944812225990536
"(0.6411788036353628, 0.4686061791825734)",3,0.637359075808381,1.547106629588967,1.0057465892566193
"(0.4354437851788592, 0.6211545627513583)",3,0.6263426303567644,1.5764236152367568,1.0042353045156927
"(0.3581252743826723, 0.4777912813178678)",3,0.5880276243607978,1.6968878298734222,0.9939372797281354
"(0.44937310198209257, 0.4881941150533161)",3,0.5203952067554807,1.8643595011629281,0.9915140424460985
"(0.36399287493228166, 0.6032079773689988)",3,0.6614715831449818,1.5215318279636103,1.0067449734227432
"(0.4120218915505539, 0.3893285016733924)",3,0.609945356892905,1.6866051202758283,1.0021580872472158
"(0.5890047243886416, 0.726746495955555)",3,0.6372671190977788,1.6123468012293463,1.0093528016969118
"(0.4313267952812512, 0.5750655042335979)",3,0.5943802805235796,1.6642921105528123,1.004965709889366
"(0.4927077492482129, 0.38147483787457936)",3,0.601293004730894,1.658902456905061,1.014859368648598
"(0.5809203379333364, 0.27920133592307494)",3,0.7357068713189093,1.3580379566572198,1.0034217552295595
"(0.6149777466040518, 0.4894293635413928)",3,0.6039006079932735,1.6677207558711376,0.996695682783452
"(0.4908517743150437, 0.3637882120895225)",3,0.6149119411382257,1.6714901635389374,1.004706359921014
"(0.41264041587823297, 0.41225177314572403)",3,0.5906477520922069,1.6974557649714146,1.0000573536083242
"(0.3253529896251357, 0.3504070739523616)",3,0.6922258069219667,1.4074227039359546,1.0086630597383581
"(0.6974678628306086, 0.4939221539103153)",3,0.6667125171304271,1.5052137940473502,0.9949035081385615
"(0.4967336591637833, 0.7059962656241111)",3,0.6603681170970227,1.5092633596060911,1.0000286100908766
"(0.3685019338280463, 0.5382408243577209)",3,0.6141761742417962,1.6266645464640812,0.9925869912851192
"(0.3778348723181266, 0.33470062886484636)",3,0.6743655505298449,1.4832348950712417,1.0029844029375752
"(0.49211704225348335, 0.2633016877556674)",3,0.7015219392103158,1.4499142292465625,1.0186945381660268
"(0.40113010234854113, 0.3249963592946038)",3,0.6700576008223897,1.4941847475794416,1.0069281656762836
"(0.6886960489176914, 0.6418252133877184)",3,0.661966820382568,1.494146953742286,0.999218331125637
"(0.44149533809771346, 0.2739239915645413)",3,0.6953236832759193,1.4991435728052167,1.0035323238372527
"(0.44458360726584134, 0.40254557139333424)",3,0.5812340386249871,1.7245439513761378,1.0077698903663785
"(0.6467627630109937, 0.689444722536442)",3,0.632998002820703,1.5393207329542793,1.0001699624855345
"(0.49521829879934565, 0.5429004259715249)",3,0.5279634190858715,1.9167665520224169,0.9960235237525487
"(0.6197171351587627, 0.6938126277047257)",3,0.6084720029181949,1.6495836274504085,0.986176011291685
"(0.2973495363920637, 0.48308248414547883)",3,0.6384950531743028,1.5481238169382927,1.0094088335158695
"(0.6209889659198802, 0.49661943645755685)",3,0.6039772109347733,1.667791777291578,0.9966390446879548
"(0.5684222384796382, 0.32004613720261177)",3,0.6953813985588934,1.444687169924201,0.9955141802579762
"(0.48084197943805607, 0.38070850868584616)",3,0.5952783022883333,1.694241697478082,1.0012115971327005
"(0.5132405090658441, 0.4690018473807536)",3,0.5449553480828981,1.8119709389433156,1.0001619953132372
"(0.6977312894835461, 0.39772196918136554)",3,0.7264106054242916,1.3752756912520911,1.0039349723407895
"(0.46275715986772836, 0.5465254622670109)",3,0.5520968136057529,1.801348071443499,0.9888165952383147
"(0.7311613067298663, 0.47433638523777666)",3,0.7055526991733525,1.4263379931754028,1.0033932581835636
"(0.4507442079334246, 0.30905590754281775)",3,0.6597766870158606,1.5085095841448892,1.0033234041918644
"(0.4614853335162101, 0.45354716893263375)",3,0.5291074297655703,1.8600624842962714,0.9912192777958442
"(0.6435018480838316, 0.6463838992670885)",3,0.6187939813836256,1.5894864270505935,1.0032046385082514
"(0.3300975326325553, 0.61429800117587)",3,0.6935812042892355,1.4177865364139297,0.999080810278431
"(0.6028701592288027, 0.6008484200713187)",3,0.5700534545383668,1.7800402796241215,1.0029170791244437
"(0.4347701798526803, 0.557562736730373)",3,0.5792738639091186,1.7388472994742494,0.9963090993086581
"(0.6932948946988342, 0.5654534594730938)",3,0.6553306509669138,1.5612316498854066,1.0003303882609456
"(0.5247572213790491, 0.26401207215943967)",3,0.7173303179913786,1.443573932831389,1.0194214341086665
"(0.5002917903066961, 0.5418692345518223)",3,0.5239176015863879,1.911824557134575,0.9994598614475106
"(0.6522206886764839, 0.6617862064183648)",3,0.6308878731758522,1.5887296312778034,0.9972269493584847
"(0.2902584810634696, 0.35073348437709656)",3,0.7176479246525074,1.424411020637203,0.9926576656441478
"(0.5071687450460225, 0.5064850209229907)",3,0.5132936631287646,1.9286505197628543,1.0033577052458333
"(0.2917686387906876, 0.5758692207316308)",3,0.6972682793864229,1.418007349492622,1.008644995621602
"(0.3755203166446687, 0.6898760992517088)",3,0.7174960302191812,1.4144609092765033,1.0102972124810976
"(0.6173535815217863, 0.5281875766332944)",3,0.5817173535650724,1.722513541976353,0.9912295355676704
"(0.631710072257924, 0.5795536341679328)",3,0.5955616299845881,1.6632281565837432,0.998517793999012
"(0.40893966208118576, 0.4983293218748703)",3,0.5575175436548054,1.7968864988083386,0.9954472824572989
"(0.6812524582312698, 0.31644405636050704)",3,0.7709667937878312,1.3166024151031535,0.995008563032134
"(0.4407453623940024, 0.5196531804037615)",3,0.5481848632545036,1.8097699798599916,1.002655249068854
"(0.37284220557890724, 0.4718757302380132)",3,0.5790796906374536,1.6978945677057957,1.0048409952416713
"(0.41194253633769695, 0.4918369529267401)",3,0.551045029778915,1.7899472475497205,1.0005986870996284
"(0.743425497014074, 0.43616922159939475)",3,0.7377907460508145,1.3947800919352829,0.999040712276486
"(0.4942279047060185, 0.6133456159749187)",3,0.584205714706989,1.6823718612783074,0.9974913272025353
"(0.5935990874065795, 0.41016038620431844)",3,0.6426497695449416,1.5962807095267852,0.986506276918152
"(0.5729702930852463, 0.728394506497188)",3,0.6451361114855336,1.608747244324186,1.0107063024284915
"(0.6591024621232009, 0.6408554187767201)",3,0.6328144366587385,1.6013822004376204,0.993276244879398
"(0.609492664166897, 0.6063615320484372)",3,0.5775077578101635,1.7879483513908885,0.9970068613310339
"(0.48806697616378103, 0.5180426495602906)",3,0.5139974889634833,1.9321535367930112,0.9957554884806448
"(0.5725696758131162, 0.4762827013233272)",3,0.5809793240869404,1.7301965160880632,0.9885422248551977
"(0.4355175323467955, 0.5279784453659533)",3,0.5577331258378965,1.820254743646732,0.9949598840342841
"(0.6539212330228087, 0.46335062554135026)",3,0.6505260464077733,1.5576836690586828,0.996653920779908
"(0.5068255999089359, 0.5010647442959388)",3,0.5169795834229044,1.9332315387852106,1.000190258950915
"(0.4947431869026147, 0.5597150804477188)",3,0.5412358539997087,1.8599225838168905,1.0063925030142813
"(0.4974167815731843, 0.40614885020574676)",3,0.5839220642914686,1.7047116802292326,1.0057667453844124
"(0.5233871269725687, 0.341093611151546)",3,0.6519564534645658,1.509359595745888,0.996380707326383
"(0.46459992800618827, 0.5291033620154328)",3,0.5380923059282051,1.797518165041366,0.9982060288952419
"(0.5944024530455814, 0.6057524678883506)",3,0.5625404625428975,1.7721404153207287,1.0088738288506545
"(0.5677375256034707, 0.3454778041423724)",3,0.6747771014234343,1.4806693068076224,1.0083672522883673
"(0.6120606266203569, 0.3484377583462397)",3,0.7007500682788447,1.39690593990903,0.9989493154332678
"(0.27728901699058806, 0.48203144582259505)",3,0.6551541693298403,1.5269257684495208,0.9995221995736455
"(0.33919818777823585, 0.6508366786305482)",3,0.7127536933183093,1.4101139506913165,1.004343609233048
"(0.41418250615709484, 0.5820433717684208)",3,0.6111987514019375,1.6390093811513167,0.9985941348878833
"(0.46731998488268855, 0.57399981287557)",3,0.5697230782877059,1.7503060870206975,1.0040452037264753
"(0.43897421752365273, 0.39141139582977835)",3,0.5936555408134,1.729994103462773,1.0023219832652674
"(0.4165562579890373, 0.5855165706078677)",3,0.6120955642638131,1.6398128264093685,0.9979415416216417
"(0.4163655211429044, 0.35800944275982216)",3,0.6339540346189098,1.599752188760117,1.0139511822746374
"(0.4472267728778566, 0.3239469279293801)",3,0.6481775173802995,1.5364106650892275,1.002822361702902
"(0.5529486594119973, 0.6117575097364949)",3,0.5506363137802812,1.803676234462153,1.0081089809442976
"(0.3860771082109893, 0.5584592017837059)",3,0.6145512146533016,1.6184620829841396,0.9950529991805938
"(0.746576954842598, 0.4852447791533015)",3,0.7122197554514657,1.4106531494359078,1.0031867361473281
"(0.6787683190354972, 0.544416694963726)",3,0.6392952632227669,1.5719734934605065,0.9875903445484049
"(0.4417443374743319, 0.5304243162428341)",3,0.5550108588257797,1.8172531143255162,0.9971538788261999
"(0.7041355812071616, 0.42907835126741445)",3,0.7110992265757008,1.406485001404144,0.9903504265411748
"(0.6025872583526563, 0.6519178863077449)",3,0.5803550710598782,1.681592371197334,0.9885063485150203
"(0.4515006741729511, 0.5494168152052004)",3,0.5618601624114389,1.7642792224099977,1.0030370345850421
"(0.34406769499995704, 0.31452273995412067)",3,0.7100337366162226,1.4769624592293567,0.9946206210933068
"(0.6571664530758328, 0.3395494139819467)",3,0.7376315477311659,1.3166024151031535,0.995008563032134
"(0.5391133985130727, 0.4030198290550403)",3,0.6119673174143841,1.6565670853114085,1.004447252721385
"(0.5785911585761276, 0.2756801334945491)",3,0.7372171195055616,1.3589670254996702,1.0025078717581675
"(0.7517526656172895, 0.4980941672696096)",3,0.7112565430706649,1.4100145263247323,1.0037920721839324
"(0.6116232439393944, 0.35471442426755717)",3,0.6957423035859818,1.3936562233627685,1.00205592156426
"(0.44394105422327373, 0.5891244340193036)",3,0.5964221946168641,1.6890000106554273,0.9975154908419215
"(0.5364752663717447, 0.4694347928377997)",3,0.5603330000347722,1.8163418612132238,0.9946610452916251
"(0.6375590914200824, 0.5847092832713302)",3,0.602009509076118,1.631048460573277,0.998738301980808
"(0.32268111908104147, 0.46658768216650875)",3,0.6239146684458766,1.6314100295047518,0.9940820171040673
"(0.7093289532125356, 0.636966691161416)",3,0.6812398189915033,1.485493950227888,0.9939448269032499
"(0.41670674548454156, 0.40979298046661683)",3,0.5903618333222452,1.6981951013158127,1.0036307790962575
"(0.40226843709696475, 0.44601176413907095)",3,0.5706797962511152,1.7385104968872012,1.0034903871006582
"(0.6312411617947771, 0.45662127468333275)",3,0.6375859103453306,1.559424926323854,0.9976959269559295
"(0.5138729896078243, 0.29507230737868534)",3,0.6851770043598496,1.4840792547289972,1.0078903270437676
"(0.5630681951826686, 0.6915233346477797)",3,0.6159406652887337,1.6501584095844108,0.992143652728913
"(0.3540846764255108, 0.4841694760329867)",3,0.5921304156295661,1.6787856345879029,1.0019868926361106
"(0.5264648654399303, 0.4443834265792434)",3,0.5721825147897055,1.8073056031516928,0.9990414115257137
"(0.5457131844740668, 0.5895896361495174)",3,0.5355980864713542,1.8463811199283056,0.9977392843662091
"(0.3455796836575118, 0.451227266339269)",3,0.6132423867077268,1.6066831575173073,1.004970455867195
"(0.6507143465614921, 0.63649523744681)",3,0.6236997773708447,1.5936286376737645,0.9997306661822302
"(0.7425328608722306, 0.5347125144436418)",3,0.7025153046685935,1.438959067790956,1.0097449117134543
"(0.6823273195034794, 0.6352458367411182)",3,0.6544136893248453,1.5182024303217443,1.0057998004558948
"(0.5081344429412513, 0.5635050450437091)",3,0.5359124116854082,1.8418211704380376,1.0076859209057216
"(0.5221079576856864, 0.38781976501469645)",3,0.613382280011895,1.635974046861542,1.010301594551961
"(0.22251831991489018, 0.7883298714240449)",3,0.8927703350543147,1.1158652577776618,1.001444730690792
"(0.14596680282946534, 0.7632310055814474)",3,0.9299078839679359,1.1025646026036326,1.0059385529357483
"(0.23749944219723773, 0.7655984146207966)",3,0.8659680763241874,1.1578432703567891,0.9963992605680494
"(0.1980285850674685, 0.7098982570929543)",3,0.8555301067808906,1.15870284504483,1.0012115461837565
"(0.2616646827795952, 0.6704418747075763)",3,0.781916172890438,1.2665572697716985,1.0043634708637026
"(0.203041695250713, 0.7347975140559748)",3,0.8686896351027279,1.1501310527818824,0.999146999000725
"(0.3064904159455227, 0.6902919556360958)",3,0.7638600009535016,1.2905017524691764,1.0009198731054343
"(0.2842777643038236, 0.738365511007765)",3,0.8141153612452321,1.2336693505644032,0.9998278211020202
"(0.20530967314622395, 0.7428170097694976)",3,0.8725713816928352,1.1475834412858807,1.0002209645281235
"(0.20771837372789004, 0.7507873026800568)",3,0.8763800772290733,1.1448056835626723,1.0014024680510012
"(0.23879859471892556, 0.7543122358021094)",3,0.8569315703977965,1.1538191884117976,1.0010368614820633
"(0.21801957755241635, 0.7186034168830753)",3,0.8466840538741325,1.1702794347318746,1.0006080933770485
"(0.21524461099141762, 0.7711917048187262)",3,0.8854598730338679,1.1355531702435804,0.9972653008251126
"(0.2039350838715879, 0.7803596247355663)",3,0.8999255218245205,1.1146973018287392,1.0018440144876868
"(0.26075720217685444, 0.718573999028452)",3,0.8160366982049697,1.2193546374969781,1.001657170395918
"(0.293135146073639, 0.714649474646771)",3,0.7907173746579109,1.2659760263700242,0.9948356035672935
"(0.20399614466425392, 0.8184813524802571)",3,0.9274406435344977,1.098010128223797,1.0000764270367117
"(0.28035680692780035, 0.7161289758113678)",3,0.800596883365927,1.2420500765559372,1.0003604154248187
"(0.22244794366175197, 0.6727625517281877)",3,0.8126404546703049,1.2167225888019118,1.0000543162027762
"(0.1879572805347128, 0.7862968000937579)",3,0.9153928983093045,1.0872400527567343,1.0025120121847593
"(0.28729744918040523, 0.7945900385438784)",3,0.85441906170544,1.17990408946831,1.0039498092922938
"(0.2712753218265971, 0.752179949875212)",3,0.8330851372733277,1.1893610895196585,0.9990670537090777
"(0.25260232004573774, 0.7375688203243906)",3,0.8353033444597885,1.1911902796792606,1.001536252338642
"(0.2092131026735191, 0.7543484627335988)",3,0.8778035141114756,1.1417459719444754,0.9993263889399959
"(0.27527637261962035, 0.7853181287824482)",3,0.8551467710871811,1.172451520584586,1.0034689638410328
"(0.20290811368806627, 0.7051821711673277)",3,0.8487488565724646,1.184056859945307,0.9969933299763962
"(0.23755908729032657, 0.8251065576211906)",3,0.9099193082299186,1.1000874222686172,1.0163293644081821
"(0.19643659936725835, 0.7305112040483317)",3,0.8705894867450625,1.1487446035379587,1.000045521895215
"(0.2514615416001959, 0.7983455398050048)",3,0.8806368580255041,1.1430426196572547,0.9978034068689253
"(0.2292728118427541, 0.7370013770311333)",3,0.8513392668978422,1.1675055976120874,0.9994729276512675
"(0.29832254625051435, 0.7609297935421809)",3,0.8216248075462215,1.2238220858306472,1.0016889586484352
"(0.20296773383981564, 0.7984580104619133)",3,0.9135824934063255,1.1035261009075794,0.9984519429294775
"(0.24398690269160286, 0.8032512717246497)",3,0.8892675868017875,1.1399587640373245,1.0014044437192668
"(0.2823454381870513, 0.6507218459719635)",3,0.7533434234173335,1.3516031416228709,1.010256769239481
"(0.26055383370285917, 0.7235272860746765)",3,0.81970499825215,1.2211753931862266,0.9996667179446811
"(0.2687578250941205, 0.7243688939663058)",3,0.8145797225478851,1.226589441289077,0.9988285759379486
"(0.30638096553920613, 0.7899582016439562)",3,0.8387094146207238,1.1947595667617703,1.0004419501543154
"(0.26470437697816573, 0.7615201266645316)",3,0.8444094559911686,1.1801474165479569,0.9964021795658491
"(0.18298967448118103, 0.7278944895737949)",3,0.8787465847263167,1.13798665601616,1.0061234108645658
"(0.2170246393794728, 0.7368279607345486)",3,0.8599786256006211,1.1608983814260918,0.9988046604232437
"(0.18182398704466007, 0.7740302445527997)",3,0.911147391525287,1.0980345455305363,0.9992018436480398
"(0.3065593255916551, 0.7337959330515907)",3,0.7957850293922437,1.2427588483881595,0.9974755422127024
"(0.23527779023288595, 0.7380422083283124)",3,0.8478112701232688,1.1780592394147116,0.9917474505862593
"(0.31000902581983353, 0.7885794583567364)",3,0.8353541014168391,1.1931651828631802,1.0022242262941767
"(0.21034555806799418, 0.6874932243575869)",3,0.8314479475469203,1.2125080952580964,0.9945201298675697
"(0.25411247060277425, 0.7656493948354395)",3,0.8546242634578435,1.165032257110508,1.0023906399049827
"(0.27814902664247004, 0.7271079377554931)",3,0.810064454333782,1.2349277240266738,0.9993321326631879
"(0.26608295583730507, 0.7915967608107661)",3,0.8659163922798937,1.152717556740845,0.9983682902911063
"(0.30032996652105604, 0.7234573857809834)",3,0.7922785682849404,1.2534215762280583,0.9962122764091573
"(0.18152151643851627, 0.7095338322497738)",3,0.8676535278274907,1.1499078019379065,1.00022218561965
"(0.2512776247287444, 0.7438694999329588)",3,0.8407497192883165,1.1937718785183067,0.998649521770884
"(0.30986265676342345, 0.7775360767316855)",3,0.8268879974812218,1.2062152204784653,1.0006505144979572
"(0.23074597881615913, 0.6824100891725686)",3,0.8128209738122061,1.216811676337466,0.9999566936848916
"(0.21569880839919162, 0.7620046924524896)",3,0.8786032456423517,1.1305415128416225,1.0034807896815867
"(0.18351795509367025, 0.7981412970500236)",3,0.926922695839296,1.0918022056562942,0.9969301121988038
"(0.20625837001259215, 0.7691560734137575)",3,0.8903322269241329,1.1261309280343257,1.0007101604118547
"(0.2947503737253423, 0.7486847327436937)",3,0.8147593483948786,1.2281560816734405,1.0027982876210166
"(0.32811448779324703, 0.8104480471833705)",3,0.8414390209095266,1.1891610949399187,1.0019408175794466
"(0.208239343383985, 0.7387634028043626)",3,0.8676517476352005,1.1488010683506635,1.0003527116789628
"(0.23055874576730068, 0.6949130653293023)",3,0.8213711740993249,1.2210462580627406,0.9953328511845592
"(0.24439870503634276, 0.765492637542115)",3,0.8611439410403193,1.1665324659981176,0.9985917833279148
"(0.2866910854803799, 0.7614094808432198)",3,0.8296312543678452,1.2122241200011903,1.0033657964271279
"(0.3014838543031903, 0.7034441483006492)",3,0.7768376689064003,1.2828424201026452,1.00251340221247
"(0.25282448358490983, 0.7755234070996266)",3,0.8627600012916338,1.1651261440211143,0.9983051019977552
"(0.3220857054082107, 0.7600928123854157)",3,0.8056534784077625,1.2293350852286664,0.9967636988061884
"(0.2557890614036615, 0.749439300160098)",3,0.8416542169191863,1.1937285840238656,0.9986107527206654
"(0.17195783502929168, 0.7368635502701839)",3,0.8929455496785257,1.1397651047887198,1.0030644856287807
"(0.18802792946329955, 0.7244508057995779)",3,0.8726997420248143,1.1463553392813424,0.9992942978298732
"(0.1693845891719489, 0.7154201808129301)",3,0.8806749650795354,1.1454317004200896,0.9994047938362133
"(0.18960171748102256, 0.6820443275786829)",3,0.8436289782673022,1.1774631980472832,1.003986865724782
"(0.2540901461651084, 0.7916198603119513)",3,0.8738620541677736,1.1400996843137854,1.0012394654992631
"(0.2575684992783643, 0.7434440050549689)",3,0.8360853859247922,1.1915602830543837,1.001121748549726
"(0.21711019410354682, 0.7293907077000309)",3,0.8547628355793893,1.1680179803448945,0.9968142520573079
"(0.22862637173035064, 0.7667573619367998)",3,0.8729487461676226,1.1406708809016755,1.0005626252553654
"(0.25254817011715774, 0.7898072848574761)",3,0.873536770113697,1.1399587640373245,1.0014044437192668
"(0.30738378186990223, 0.7015168146141113)",3,0.7713896483650297,1.294695280486373,0.9965982166604261
"(0.2819275324554639, 0.7689053884387266)",3,0.83840573686936,1.1969344913354183,1.0049276582631874
"(0.26948071444154426, 0.8373758527603316)",3,0.8987810160423224,1.1057891588476962,1.0183791634195563
"(0.258821822279201, 0.725529628631154)",3,0.8223471501473844,1.2224901939731483,0.9982330626687309
"(0.24213541161565805, 0.820011553112265)",3,0.9030716257134183,1.1194766060930406,1.0073424156580142
"(0.2629165269874901, 0.7036678040195118)",3,0.8039787523284827,1.231141154009194,0.9984372993105473
"(0.25468844356494813, 0.7614163539866831)",3,0.8511320549034759,1.1717936791256138,0.9989563300019969
"(0.23745015069634573, 0.7267085856031248)",3,0.8382904048117387,1.1836869559634988,0.9959714148203448
"(0.3040010147972316, 0.8009067304298891)",3,0.8487233567969982,1.1864823694683662,1.002354784446261
"(0.2579580823160971, 0.7189356681450992)",3,0.8182657179090146,1.2204603605537157,1.0004476843460561
"(0.2663458716267545, 0.7520018097620143)",3,0.8362989858609994,1.190878437936049,0.9973693862118133
"(0.2986434311642774, 0.7002088979934473)",3,0.7764498823216445,1.2975288503823472,0.9936938850899503
"(0.2592484700407562, 0.7763635575221557)",3,0.8590602940250277,1.1578893990331238,0.9989777285195547
"(0.20599359133993891, 0.7400399815310459)",3,0.8701571674746753,1.1499042976450642,0.9990731604003007
"(0.2178829081972778, 0.7403140181632161)",3,0.8617909320990639,1.161713092242984,0.9978704304138261
"(0.3179576779430139, 0.749793212710529)",3,0.8004007698405067,1.2367796461195946,0.9971318120728602
"(0.21382856749133544, 0.7943446931222934)",3,0.9031112485219679,1.1021816756147662,1.000429660857358
"(0.2557675632363441, 0.694139636565999)",3,0.802461224050705,1.2478367485863373,0.993227890466408
"(0.2522237138681524, 0.7943940006827237)",3,0.8771752278212935,1.14153701192006,0.9995590834298995
"(0.30021772312881323, 0.743089979045272)",3,0.8069461027387169,1.2372870105053402,0.9980395950095562
"(0.1970866600117869, 0.7954764320973517)",3,0.9155214926005254,1.0885743611301841,1.0051582070799974
"(0.31876246776325046, 0.7669449786264386)",3,0.8130548265829192,1.2330748932761795,0.9927296311174431
"(0.2202104218437173, 0.8428793976571253)",3,0.9347167825559443,1.094718081872732,1.0101761088145749
"(0.35648189808486724, 0.782707269261588)",3,0.8022283667055093,1.2194391646452518,0.9981558679632989
"(0.1809722095110372, 0.7812986916049908)",3,0.9168360573471117,1.089537072264574,1.00258996454101
"(0.8377997370239522, 0.7538358880610266)",3,0.8345111016925197,1.206140435425766,0.9990477378372778
"(0.7294538573365863, 0.779583670283009)",3,0.7407784869797788,1.336974251961585,1.0025598592734144
"(0.6806521891032632, 0.7177689348083449)",3,0.6738300253204169,1.5002001578451007,1.0037798110471423
"(0.7638809829937171, 0.6572282090651652)",3,0.7387130845523479,1.3468441200797916,1.0048730896147644
"(0.7808853187516883, 0.6592734947925624)",3,0.7557798934156712,1.3362717070686625,1.0047005316212927
"(0.8311746997903773, 0.7262206255047086)",3,0.8203853384778993,1.2136711319682523,1.0037275003565351
"(0.743277821809469, 0.6841029232826228)",3,0.7246377932757984,1.3538540968855814,1.0034715140780541
"(0.680688321346238, 0.7475368639764006)",3,0.6837494470607072,1.4517831807137236,0.9992564268504901
"(0.8506187347587049, 0.7990803699876275)",3,0.8610308512094428,1.208342961230735,0.9990079002751838
"(0.7569000845699596, 0.7952538516155098)",3,0.7720766262371949,1.2855564356986895,1.004756814823737
"(0.7630899449816186, 0.6852925401504006)",3,0.7441502065899042,1.354153122060583,1.0030351314573442
"(0.7087331262670795, 0.7655352223855434)",3,0.7163647715726557,1.4000302473948145,0.9966350624770309
"(0.7031486691547949, 0.799646589897552)",3,0.7242458378392982,1.3783452665564566,0.999781699651167
"(0.6956869262957491, 0.7590079149145048)",3,0.7018439845171728,1.4138161805680407,0.9992515859339214
"(0.770220159307569, 0.749528422333163)",3,0.7688400297512079,1.3075765871109175,1.0011684513313268
"(0.7023711448714501, 0.7689249857718555)",3,0.711673868816094,1.3969720865583657,0.9995465431722553
"(0.7534022960618623, 0.7993679677299006)",3,0.7703830694836565,1.2933443703861736,1.001015140487594
"(0.6892903823233598, 0.7348762966442893)",3,0.6875143180319918,1.4609681969032524,1.0036919657837162
"(0.7651082962482073, 0.6747331730235104)",3,0.7436608906437499,1.3532805251311602,1.0001814923720111
"(0.7052152644415275, 0.6768256571756351)",3,0.6859538114332451,1.4556205220227976,0.9958892649623766
"(0.7116156172064612, 0.8174867359631751)",3,0.7393074035510574,1.3774482685488907,0.9989348234140096
"(0.7113519692867732, 0.7425940366695418)",3,0.7108868800426271,1.3910810946599372,0.9945271691714794
"(0.7064273764082712, 0.7960264143806072)",3,0.7257986396032962,1.379329324677206,0.9988306122997773
"(0.7940793434401193, 0.7073379545190814)",3,0.7796397916589947,1.267332489988025,0.9968451298702313
"(0.8237151064798245, 0.6794732313853846)",3,0.8018753795025829,1.2637003508818756,1.0052918608247257
"(0.7984657574489835, 0.7001463509025435)",3,0.7820752236374762,1.2686377076263886,0.9954765970086367
"(0.7665757626244889, 0.7566684229513448)",3,0.7676722942267542,1.309258850598769,0.996439285881874
"(0.7258691046078412, 0.6646061045396762)",3,0.7031497613783576,1.4171476976112192,0.9881550260265445
"(0.7541304825238758, 0.7238597313052797)",3,0.7457306122433744,1.3454213277186107,1.0022980664190546
"(0.7448782161551408, 0.7394726189785576)",3,0.7416220379061973,1.3391864716630772,1.0013526237667019
"(0.7872023861255228, 0.8173254155580306)",3,0.8084771752514733,1.2392939006857584,1.0038609010304271
"(0.7830924890472047, 0.7316558161430998)",3,0.7757090001491098,1.2989502262618988,1.0045513033928812
"(0.7651971076541776, 0.7692942812179941)",3,0.7705703690613775,1.2998923634625987,0.9994493805342607
"(0.7520106617132443, 0.6876440874592499)",3,0.7339719801029608,1.3595811635306145,0.9978403898334028
"(0.7961459853569384, 0.8393688643424051)",3,0.8253649957646246,1.2257081883545395,0.9975814560646138
"(0.650947500402311, 0.7827968494187825)",3,0.6697093596060314,1.4689363973243892,0.9900211574764345
"(0.8012060759032598, 0.7125634511545311)",3,0.7878755334740293,1.2717571123766123,0.992217251361175
"(0.8061954950809548, 0.7249522038232329)",3,0.7959924921373904,1.2567840628209486,1.0008171328269533
"(0.7275372076425105, 0.6983388762514319)",3,0.7130661982668027,1.3822941037908045,0.9891030928761771
"(0.7728812723027745, 0.7447321392738567)",3,0.7698729463426283,1.309027214773024,1.0070399593401238
"(0.7802524132257377, 0.7241470373979612)",3,0.7708443413049673,1.2979826266176642,1.0046226285535564
"(0.7699065301953223, 0.7932185854129203)",3,0.7834139812302537,1.2918325066709804,0.9982560117445528
"(0.8123957636975742, 0.7068171361169507)",3,0.7972259890858139,1.2496078417096281,1.0039743843148496
"(0.7304046011555516, 0.7203249916761053)",3,0.7220095233517281,1.3796562839629058,0.9991877060336081
"(0.7056224589841433, 0.774470827074884)",3,0.7167475801803445,1.3947863032243566,0.9993257466610945
"(0.7539382268261435, 0.6953746090340507)",3,0.7377739035145123,1.361927775736455,0.995546767100591
"(0.7361881327956482, 0.8203875876829062)",3,0.762867562562483,1.3237488819013,1.0046851829543926
"(0.7114013438444344, 0.7294177739107931)",3,0.70668086290816,1.4094428478573024,0.9915214919681609
"(0.7283903862822285, 0.7400950365943004)",3,0.7261811407516893,1.3592305467703865,0.9964201359328259
"(0.8199224586670886, 0.6624864411844861)",3,0.794679294527851,1.2929174824526812,1.0125694149060436
"(0.6932931734763774, 0.7483720380641234)",3,0.6958533171614292,1.4471027859331265,0.9966045260093356
"(0.7887163846530041, 0.6553373804573515)",3,0.7626784225539125,1.32753403823618,1.002139774345411
"(0.7587346545400881, 0.7143840276080937)",3,0.7474561761890177,1.3392530564124536,1.0082899874252196
"(0.7436451075785734, 0.741107198751839)",3,0.7409653369524106,1.3387940064165862,1.001743884745337
"(0.8399763413838327, 0.7397512128037355)",3,0.8325479108215253,1.2076753977082049,1.0007845668596287
"(0.7195566103116555, 0.7577349717565741)",3,0.7237340506725389,1.3817304348526422,0.9991486572467915
"(0.7387065607645802, 0.7134573512536048)",3,0.7279706491080241,1.3682276788237795,1.0014212282507062
"(0.7585718200102338, 0.7415011443924274)",3,0.7552658500305733,1.3378927017107387,0.99522695518087
"(0.7260165987413801, 0.7199155338102927)",3,0.7176966987383144,1.3796123442626043,0.9985890989416742
"(0.761046704494208, 0.7666157837279917)",3,0.7657572438047442,1.2971870604915403,1.0022289187715872
"(0.7446390882313307, 0.7705456687619933)",3,0.751707615046424,1.3369742519615853,1.0025598592734142
"(0.8042376941620254, 0.7934272658399564)",3,0.8155455066969961,1.2166899952280534,1.0025789416958337
"(0.843634259355262, 0.723509085172378)",3,0.8316902643319934,1.2086305773721422,1.0004169814448478
"(0.7615764451888559, 0.7735103681098081)",3,0.7686168716267844,1.298793006011703,1.0005775084192536
"(0.7447471630813102, 0.812900186453634)",3,0.7676684215511728,1.308577562395013,0.9987740879400322
"(0.698756677231279, 0.6992834559156688)",3,0.6856458280701796,1.456522161438253,1.0018398581903796
"(0.836569858595413, 0.7395273438740726)",3,0.8292147752216261,1.2060571320132885,1.0025746621822709
"(0.7055384167486035, 0.8032623540731494)",3,0.7278957534166228,1.3702685374807957,1.0059154456894202
"(0.7405658451005331, 0.7220012904983931)",3,0.7322142188431852,1.3708808677493103,0.9988379578116704
"(0.7568136057549706, 0.7515402362252771)",3,0.756775435994949,1.309027214773024,1.0070399593401238
"(0.6756601639542467, 0.7586515066960814)",3,0.6830566352166715,1.4440400383285255,0.9962374907965155
"(0.70971508636843, 0.7124438097520422)",3,0.6999170585884512,1.421785187131436,0.9953630576510054
"(0.667733846908035, 0.6982389157975166)",3,0.6556172299498286,1.527938633990898,0.9965989146429702
"(0.669730607148233, 0.6950262325053415)",3,0.6566016104983278,1.5287050620297948,0.995932142883002
"(0.6852754907203354, 0.7810821546243205)",3,0.7004670488833903,1.4360954984965562,0.9985476786810638
"(0.7673394640297962, 0.772005715794815)",3,0.7735092788586924,1.3015497857684881,0.9977521855264158
"(0.8116671981458425, 0.7963891674181127)",3,0.8235419411021206,1.2122473818333126,0.9970118754269117
"(0.7353954902397984, 0.7630575124298286)",3,0.7404363351494258,1.347432769121844,1.003208021359454
"(0.7304928242746523, 0.7284849570246381)",3,0.7245437164254871,1.38511358045133,0.9911339241108569
"(0.735357614154059, 0.8135219075858261)",3,0.7593150409501751,1.3038268318521364,1.0036278639615352
"(0.829462601011989, 0.7767929457052348)",3,0.8336870304596602,1.2079420208438814,0.9988423411214761
"(0.7476746137476434, 0.7198597924007893)",3,0.7383937924678863,1.35997957625075,1.001125297668589
"(0.6927327403170797, 0.6700023743441031)",3,0.6721811243388317,1.4752406961748317,0.9956092020844362
"(0.7522365172463774, 0.6604606209567222)",3,0.7279884746600438,1.3706700043223552,0.9950692905534907
"(0.762326391564511, 0.8024849472990617)",3,0.7798227863409478,1.289837891769161,1.0003151914040627
"(0.6685866005871447, 0.7817694635640924)",3,0.6854124050144074,1.4548362807052402,0.9978792953046902
"(0.7701084808001643, 0.7051847879729983)",3,0.7559302180023134,1.3456654382585385,1.004542396872338
"(0.7862989275963652, 0.690065279670785)",3,0.7678275634706374,1.2891852702566455,0.9939037839617599
"(0.6830469136648829, 0.764038216680348)",3,0.6919112915408062,1.4502211119005783,0.9905706479849173
"(0.6446792306915289, 0.7639770872738367)",3,0.6564145524760551,1.4719025578132698,0.9891535036683383
"(0.7431589593477718, 0.7725141972075193)",3,0.7510145024467969,1.336561399862618,1.0029725049690181
"(0.7286601284351713, 0.6666850344927256)",3,0.70633664846942,1.3916102411410365,0.9920574205756623
"(0.7067359174595279, 0.7877465869835184)",3,0.7228284803055367,1.3845352577538634,0.9997243650779423
"(0.7394233664811464, 0.7860259050967145)",3,0.7524218440193378,1.337195984711893,0.9997312659320408
"(0.749466614165472, 0.7328131832071315)",3,0.7439348119121744,1.3463069532107583,0.9961576236887658
"(0.8248418521018915, 0.7134157163726719)",3,0.8109342593961679,1.2398975652507103,0.99883172898658
"(0.8239586646098369, 0.7675190168773441)",3,0.8255098668756166,1.201243090857049,1.0045537038080778
"(0.8155149407204317, 0.7135170163641819)",3,0.8019433873400076,1.2520681129189737,1.001346620184594
"(0.7856914234307533, 0.6819138433217659)",3,0.7653360837304151,1.308008157393119,0.9967072149379367
"(0.708266829777928, 0.7612342280212532)",3,0.714389397828064,1.3941993094634695,0.9990758950176994
"(0.290949977617754, 0.8557666871174766)",3,0.9000036509612519,1.158773887155537,1.001470221195588
"(0.7500676018742642, 0.897027660749859)",3,0.8095323300804896,1.2733981714948808,1.0099052857184982
"(0.040554927744786196, 0.5072400792452862)",3,0.8758110075266488,1.3007469561237799,1.0575662186848376
"(0.8351619113805846, 0.13894038814840037)",3,1.0057364395498216,1.305030289405069,1.013459776898602
"(0.17474033164278335, 0.3636861115238198)",3,0.8039774723845048,1.4196811508864515,1.0232540398775911
"(0.15150612475114178, 0.8765856628207388)",3,1.0057364395498216,1.0756234560677764,1.017868721383313
"(0.8603082847506063, 0.6338333996208041)",3,0.8294705751779324,1.2384293022314863,1.0111535250563013
"(0.8620825903226392, 0.5918053842487218)",3,0.8258686282883948,1.2001086301185926,1.0551795922673313
"(0.9160298083819269, 0.523390593285425)",3,0.8756238380322777,1.2676436203309585,1.011996431002699
"(0.42732547274373656, 0.8337665738193867)",3,0.8056761067414618,1.3432304140798843,1.0158049284096204
